Job Class,Starting Page,Percentage
Management,https://www.forbes.com/sites/victorlipman/2016/07/06/how-can-i-get-into-management/,6.1
Business and Financial operations,https://www.themuse.com/advice/want-to-break-into-the-finance-industry-heres-how,5
Computer and Mathematical,https://www.nmu.edu/mathandcomputerscience/careers-cs,2.7
Architecture and Engineering,https://thebestschools.org/careers/architecture-careers/,1.7
"Life, Physical and Social Science",https://www.sciencebuddies.org/science-engineering-careers/life-sciences,0.9
Community and Social Service,https://www.socialworkguide.org/,1.6
Legal,https://www.thebalancecareers.com/gain-legal-work-experience-2164442,0.8
"Education, training and library",https://www.livecareer.com/resources/jobs/search/education,6.1
"Arts, design, entertainment, sports and media",https://www.themuse.com/advice/behind-the-scenes-how-to-score-a-job-in-entertainment,1.7
Healthcare practioners and technical,https://www.topresume.com/career-advice/your-career-guide-for-getting-a-job-in-healthcare,5.5
Healthcare support,https://www.thebalancecareers.com/health-care-support-careers-525634,2.8
Protective service,https://www.zippia.com/protective-services-officer-jobs/,2.3
Food preparation and serving,https://study.com/articles/Become_a_Food_Preparation_Worker_Career_Guide.html,8.3
Building and grounds cleaning and maintenance,https://collegegrad.com/careers/grounds-maintenance-workers,3.7
Personal care and service,https://thebestschools.org/careers/personal-care-careers/,4
Sales,https://www.monster.com/career-advice/article/land-a-sales-job-without-experience,10.2
Office and administrative support,https://www.roberthalf.com/blog/job-market/7-tips-for-landing-administrative-assistant-jobs,15.1
"Farming, fishing and forestry",https://www.beginningfarmers.org/internship-and-employment-opportunities/,0.6
Construction and extraction,https://www.careersinconstruction.ca/en/careers/getting-started,4.3
"Installation, maintenance and repair",https://thebestschools.org/careers/maintenance-careers/,3.8
Production,https://thebestschools.org/careers/production-careers/,6.1
Transportation and material moving,https://www.livecareer.com/resources/jobs/search/transportation,6.5
Total,placeholder,99.8